Tháng,Dầu_DO_VND_lít,Dầu_FO_VND_lít,Xăng_E5_VND_lít,Chi_phí_ngày_trieu_VND,Chi_phí_tháng_trieu_VND
2024-10,17.584333333333333,17.53,19.535,0.014051166666666667,0.35127916666666664
2024-11,17.330333333333336,17.53,19.375,0.013924166666666668,0.3481041666666667
2024-12,17.076333333333334,17.53,19.215,0.013797166666666668,0.3449291666666667
2025-01,16.822333333333336,17.53,19.055,0.013670166666666667,0.3417541666666667
2025-02,16.568333333333335,17.53,18.895,0.013543166666666669,0.3385791666666667
2025-03,16.314333333333334,17.53,18.735,0.013416166666666668,0.3354041666666667
